currency,tenor_years,par_rate
USD,0.083333,0.0430
USD,0.25,0.0420
USD,0.5,0.0410
USD,1,0.0395
USD,2,0.0375
USD,3,0.0370
USD,5,0.0380
USD,7,0.0395
USD,10,0.0410
USD,20,0.0435
USD,30,0.0445
EUR,0.083333,0.0215
EUR,0.25,0.0210
EUR,0.5,0.0205
EUR,1,0.0200
EUR,2,0.0210
EUR,3,0.0220
EUR,5,0.0240
EUR,7,0.0255
EUR,10,0.0270
EUR,20,0.0290
EUR,30,0.0295
GBP,0.083333,0.0375
GBP,0.25,0.0365
GBP,0.5,0.0355
GBP,1,0.0340
GBP,2,0.0330
GBP,3,0.0335
GBP,5,0.0350
GBP,7,0.0365
GBP,10,0.0380
GBP,20,0.0400
GBP,30,0.0405
